text,sentiment
"I love this product, it's amazing!",positive
"This is the worst purchase I've ever made.",negative
"Not bad, but could be better.",neutral
"Absolutely fantastic service and quality!",positive
"Very disappointing experience with this item.",negative
"Great value for the price.",positive
"Item arrived damaged and late.",negative
"Average product, nothing special.",neutral
"Highly recommend this to everyone!",positive
"Service was okay, but the product was not as described.",negative
"The quality is exceptional, I'm very satisfied.",positive
"Terrible customer service, will not buy again.",negative
"It's an okay product, nothing to write home about.",neutral
"I am extremely happy with this purchase!",positive
"The product stopped working after a week.",negative
"Decent product for the price, met my expectations.",neutral
"Exceeded my expectations, will definitely buy again.",positive
"Very poor quality, not worth the money.",negative
"The customer support was helpful and resolved my issue.",positive
"The product does not match the description.",negative
"I'm pleasantly surprised by the quality.",positive
"The packaging was awful, the item was damaged.",negative
"Good for the price, but there are better options.",neutral
"Fantastic product, I use it every day.",positive
"Received a defective product, very disappointed.",negative
"The product works as advertised, satisfied.",neutral
"Highly satisfied with the purchase, great quality!",positive
"The worst product I've ever used, never again.",negative
"It's fine, but not what I expected.",neutral
"Absolutely love it, highly recommend!",positive
"The product broke after just one use.",negative
"Good quality and fast delivery, happy with it.",positive
"Doesn't work as expected, very frustrating.",negative
"Okay product, nothing special.",neutral
"Excellent product and great customer service!",positive
"Very unhappy with this purchase, poor quality.",negative
"It's a decent product for its price range.",neutral
"I'm thrilled with the product, will buy again.",positive
"The instructions were unclear, not user-friendly.",negative
"Pretty average product, doesn't stand out.",neutral
"Outstanding product, will definitely recommend!",positive
"Complete waste of money, very dissatisfied.",negative
"The product meets all my expectations.",neutral
"Impressive quality, very happy with it.",positive
"The product arrived broken, very disappointed.",negative
"Good for what it is, but not the best.",neutral
"Excellent quality and fast shipping, very satisfied.",positive
"The product didn't work at all, very unhappy.",negative
"Decent product, but I've seen better.",neutral
"Very pleased with the product and the service.",positive
"Terrible experience, will not purchase again.",negative
"Not impressed, expected better.",neutral
"Superb quality, will definitely buy again.",positive
"Poor build quality, not recommended.",negative
"The product is okay, but I've seen better.",neutral
"Great product and excellent customer service!",positive
"Very poor performance, not satisfied.",negative
"The product is fine, but not great.",neutral
"Highly recommend this product, excellent quality!",positive
"Extremely disappointed with the purchase.",negative
"The product does what it says, happy with it.",neutral
"Amazing product, very satisfied with it!",positive
"The item arrived faulty, very disappointed.",negative
"Okay product, but expected more.",neutral
"Very happy with the product and service.",positive
"Not worth the price, very poor quality.",negative
"Meets my expectations, happy with it.",neutral
"Fantastic product, highly recommend it!",positive
"The product failed after a few uses, very disappointed.",negative
"It's alright, but could be better.",neutral
"Very satisfied with the product quality.",positive
"The product didn't meet my expectations, unhappy.",negative
